"research_stage","positive_emotions","negative_emotions"
"Project genesis",4.27847222222222,3.06666666666667
"Reality check",3.93888888888889,3.16666666666667
"Preparations",3.93888888888889,2.58511904761905
"Data collection",4.2593253968254,2.4609943977591
"Data analysis",4.90400604686319,1.80707282913165
"Report writing",3.97008928571429,2.71359649122807
"Waiting for journal",3.64910714285714,2.39357142857143
"Reviews and revisions",4.08452380952381,3.62777777777778
"Post-project stage",4.64047619047619,4.29272486772487
